headline,result
Browse our data library on NJ coronavirus,"[<a class=""flm-asset-link js-asset-link brand-hover-shadow-parent"" data-track-label=""headlines|5"" href=""/story/news/coronavirus/2020/04/21/nj-coronavirus-cases-chart-browse-our-data-library/2997249001/""><div class=""flm-img-wrap""><div class=""flm-img-effects-wrap""><img class=""flm-img js-asset-image js-llbi placeholder-hide"" data-crop=""4_3"" data-src=""https://www.gannett-cdn.com/presto/2020/03/18/PVCS/587aa99b-af7e-4748-991c-efe1356904dd-Coronavirus.jpg?crop=497,280,x0,y0&amp;width=192&amp;height=108&amp;fit=bounds"" data-srcset=""https://www.gannett-cdn.com/presto/2020/03/18/PVCS/587aa99b-af7e-4748-991c-efe1356904dd-Coronavirus.jpg?crop=497,280,x0,y0&amp;width=192&amp;height=108&amp;fit=bounds 1x, https://www.gannett-cdn.com/presto/2020/03/18/PVCS/587aa99b-af7e-4748-991c-efe1356904dd-Coronavirus.jpg?crop=497,280,x0,y0&amp;width=384&amp;height=216&amp;fit=bounds 2x"" height=""108"" width=""192""/></div></div><div class=""flm-text-wrap""><h1 class=""flm-hed placeholder-bg""><span class=""js-asset-headline js-asset-headline-short"">Browse our data library on NJ coronavirus</span></h1><p class=""flm-summary js-asset-description placeholder-bg"">
                                Browse our complete library of charts and graphs about NJ coronavirus numbers as the pandemic continues to affect the state.
                            </p><span class=""js-asset-section theme-bg-ssts-label flm-ssts-label placeholder-bg news-theme-color default-theme-color"">Coronavirus
</span><p class=""flm-time-since-update js-asset-timestamp placeholder-hide""><!-- added conditions to include pipe to cater all conditions -->
                                    
                                            
                                                    |
                                            

                                    
                                    23 hours ago
                                    
                                
                            </p></div></a>, <a class=""flm-asset-link js-asset-link brand-hover-shadow-parent"" data-track-label=""headlines|6"" href=""/story/news/columnists/mike-kelly/2020/04/30/bridgegate-mastermind-david-wildstein-may-have-deal-clear-his-name/3041983001/""><div class=""flm-img-wrap""><div class=""flm-img-effects-wrap""><img class=""flm-img js-asset-image js-llbi placeholder-hide"" data-crop=""4_3"" data-src=""https://www.gannett-cdn.com/presto/2018/09/28/PNJM/9a40f906-123a-4325-8145-334c00770d18-Wildstein_12.jpg?crop=1999,1118,x0,y0&amp;width=192&amp;height=108&amp;fit=bounds"" data-srcset=""https://www.gannett-cdn.com/presto/2018/09/28/PNJM/9a40f906-123a-4325-8145-334c00770d18-Wildstein_12.jpg?crop=1999,1118,x0,y0&amp;width=192&amp;height=108&amp;fit=bounds 1x, https://www.gannett-cdn.com/presto/2018/09/28/PNJM/9a40f906-123a-4325-8145-334c00770d18-Wildstein_12.jpg?crop=1999,1118,x0,y0&amp;width=384&amp;height=216&amp;fit=bounds 2x"" height=""108"" width=""192""/></div></div><div class=""flm-item-premium"">FOR SUBSCRIBERS</div><div class=""flm-text-wrap""><h1 class=""flm-hed placeholder-bg""><span class=""js-asset-headline js-asset-headline-short"">Exclusive: Wildstein lawyer details secret deal</span></h1><p class=""flm-summary js-asset-description placeholder-bg"">
                                According to his lawyer, Bridgegate mastermind David Wildstein concocted a secret deal with federal prosecutors that could clear his name.
                            </p><span class=""js-asset-section theme-bg-ssts-label flm-ssts-label placeholder-bg news-theme-color default-theme-color"">Mike Kelly
</span><p class=""flm-time-since-update js-asset-timestamp placeholder-hide""><!-- added conditions to include pipe to cater all conditions -->
                                    
                                            
                                                    |
                                            

                                    
                                    23 hours ago
                                    
                                
                            </p></div></a>, <a class=""flm-asset-link js-asset-link brand-hover-shadow-parent"" data-track-label=""headlines|7"" href=""/story/news/business/2020/04/30/when-malls-reopen-retail-changed-by-nj-coronavirus/3010573001/""><div class=""flm-img-wrap""><div class=""flm-img-effects-wrap""><img class=""flm-img js-asset-image js-llbi placeholder-hide"" data-crop=""4_3"" data-src=""https://www.gannett-cdn.com/presto/2020/03/18/PNJM/3632278e-31ef-4c82-a82a-ebdb9c114a74-031820_EmptylotsCovid19_08.JPG?crop=2317,1304,x0,y44&amp;width=192&amp;height=108&amp;fit=bounds"" data-srcset=""https://www.gannett-cdn.com/presto/2020/03/18/PNJM/3632278e-31ef-4c82-a82a-ebdb9c114a74-031820_EmptylotsCovid19_08.JPG?crop=2317,1304,x0,y44&amp;width=192&amp;height=108&amp;fit=bounds 1x, https://www.gannett-cdn.com/presto/2020/03/18/PNJM/3632278e-31ef-4c82-a82a-ebdb9c114a74-031820_EmptylotsCovid19_08.JPG?crop=2317,1304,x0,y44&amp;width=384&amp;height=216&amp;fit=bounds 2x"" height=""108"" width=""192""/></div></div><div class=""flm-item-premium"">FOR SUBSCRIBERS</div><div class=""flm-text-wrap""><h1 class=""flm-hed placeholder-bg""><span class=""js-asset-headline js-asset-headline-short"">Shopping could be very different when malls reopen</span></h1><p class=""flm-summary js-asset-description placeholder-bg"">
                                When retail does reopen, experts predict it will look different: more vacancies, more social distancing, and consumers with newfound shopping habits.
                            </p><span class=""js-asset-section theme-bg-ssts-label flm-ssts-label placeholder-bg news-theme-color default-theme-color"">Business
</span><p class=""flm-time-since-update js-asset-timestamp placeholder-hide""><!-- added conditions to include pipe to cater all conditions -->
                                    
                                            
                                                    |
                                            

                                    
                                    20 hours ago
                                    
                                
                            </p></div></a>, <a class=""flm-asset-link js-asset-link brand-hover-shadow-parent"" data-track-label=""headlines|8"" href=""/story/news/local/2020/04/30/denville-nj-fixing-fields-prepping-roads-during-coronavirus-downtime/3049282001/""><div class=""flm-img-wrap""><div class=""flm-img-effects-wrap""><img class=""flm-img js-asset-image js-llbi placeholder-hide"" data-crop=""4_3"" data-src=""https://www.gannett-cdn.com/-mm-/8e8536cb12de1555298bd146571ed7167c20e7d0/c=0-755-7359-4912/local/-/media/2017/05/31/Bergen/NorthJersey/636318383726310807-Denville-Welcome-RECORDSTOCK-09-15153951.JPG?width=192&amp;height=108&amp;fit=crop"" data-srcset=""https://www.gannett-cdn.com/-mm-/8e8536cb12de1555298bd146571ed7167c20e7d0/c=0-755-7359-4912/local/-/media/2017/05/31/Bergen/NorthJersey/636318383726310807-Denville-Welcome-RECORDSTOCK-09-15153951.JPG?width=192&amp;height=108&amp;fit=crop 1x, https://www.gannett-cdn.com/-mm-/8e8536cb12de1555298bd146571ed7167c20e7d0/c=0-755-7359-4912/local/-/media/2017/05/31/Bergen/NorthJersey/636318383726310807-Denville-Welcome-RECORDSTOCK-09-15153951.JPG?width=384&amp;height=216&amp;fit=crop 2x"" height=""108"" width=""192""/></div></div><div class=""flm-text-wrap""><h1 class=""flm-hed placeholder-bg""><span class=""js-asset-headline js-asset-headline-short"">Denville is using coronavirus downtime to its advantage</span></h1><p class=""flm-summary js-asset-description placeholder-bg"">
                                What’s happening around town while residents are holed up? Denville leaders share how the town is using this time to keep up with projects.
                            </p><span class=""js-asset-section theme-bg-ssts-label flm-ssts-label placeholder-bg news-theme-color default-theme-color"">Local
</span><p class=""flm-time-since-update js-asset-timestamp placeholder-hide""><!-- added conditions to include pipe to cater all conditions -->
                                    
                                            
                                                    |
                                            

                                    
                                    1 day ago
                                    
                                
                            </p></div></a>, <a class=""flm-asset-link js-asset-link brand-hover-shadow-parent"" data-track-label=""headlines|9"" href=""/story/news/local/morris-county/2020/04/30/whats-next-m-station-project-morristown-nj/3047013001/""><div class=""flm-img-wrap""><div class=""flm-img-effects-wrap""><img class=""flm-img js-asset-image js-llbi placeholder-hide"" data-crop=""4_3"" data-src=""https://www.gannett-cdn.com/presto/2020/02/03/PNJM/e9ed5f69-4434-4198-b8fd-6948bdae38d5-020320_Morristown_MorrisShop_005.JPG?crop=6347,3570,x1,y0&amp;width=192&amp;height=108&amp;fit=bounds"" data-srcset=""https://www.gannett-cdn.com/presto/2020/02/03/PNJM/e9ed5f69-4434-4198-b8fd-6948bdae38d5-020320_Morristown_MorrisShop_005.JPG?crop=6347,3570,x1,y0&amp;width=192&amp;height=108&amp;fit=bounds 1x, https://www.gannett-cdn.com/presto/2020/02/03/PNJM/e9ed5f69-4434-4198-b8fd-6948bdae38d5-020320_Morristown_MorrisShop_005.JPG?crop=6347,3570,x1,y0&amp;width=384&amp;height=216&amp;fit=bounds 2x"" height=""108"" width=""192""/></div></div><div class=""flm-item-premium"">FOR SUBSCRIBERS</div><div class=""flm-text-wrap""><h1 class=""flm-hed placeholder-bg""><span class=""js-asset-headline js-asset-headline-short"">Here’s what’s next for Morristown’s M Station project</span></h1><p class=""flm-summary js-asset-description placeholder-bg"">
                                By May 1, businesses at the Midtown Shopping Center will have moved out to make room for M Station, a new mixed-use development in Morristown.
                            </p><span class=""js-asset-section theme-bg-ssts-label flm-ssts-label placeholder-bg news-theme-color default-theme-color"">MORRIS COUNTY
</span><p class=""flm-time-since-update js-asset-timestamp placeholder-hide""><!-- added conditions to include pipe to cater all conditions -->
                                    
                                            
                                                    |
                                            

                                    
                                    1 day ago
                                    
                                
                            </p></div></a>]"
Loved and Lost: Ann Kolb led Morris School District at pivotal time,"[<a class=""flm-asset-link js-asset-link brand-hover-shadow-parent"" data-track-label=""headlines|10"" href=""/story/news/2020/04/29/loved-and-lost-nj-ann-kolb-morris-school-board-president/3042722001/""><div class=""flm-img-wrap""><div class=""flm-img-effects-wrap""><img class=""flm-img js-asset-image js-llbi placeholder-hide"" data-crop=""4_3"" data-src=""https://www.gannett-cdn.com/presto/2020/04/28/PMOR/9e2c88b9-e3cf-4db6-ad75-4d6ccee77e14-Ann_Cheevers_Kolb.jpeg?crop=928,522,x0,y229&amp;width=192&amp;height=108&amp;fit=bounds"" data-srcset=""https://www.gannett-cdn.com/presto/2020/04/28/PMOR/9e2c88b9-e3cf-4db6-ad75-4d6ccee77e14-Ann_Cheevers_Kolb.jpeg?crop=928,522,x0,y229&amp;width=192&amp;height=108&amp;fit=bounds 1x, https://www.gannett-cdn.com/presto/2020/04/28/PMOR/9e2c88b9-e3cf-4db6-ad75-4d6ccee77e14-Ann_Cheevers_Kolb.jpeg?crop=928,522,x0,y229&amp;width=384&amp;height=216&amp;fit=bounds 2x"" height=""108"" width=""192""/></div></div><div class=""flm-text-wrap""><h1 class=""flm-hed placeholder-bg""><span class=""js-asset-headline js-asset-headline-short"">Loved and Lost: Ann Kolb led Morris School District at pivotal time</span></h1><p class=""flm-summary js-asset-description placeholder-bg"">
                                Ann Kolb, former president of the Morris School District Board of Education remembered for her strong leadership and compassion.
                            </p><span class=""js-asset-section theme-bg-ssts-label flm-ssts-label placeholder-bg news-theme-color default-theme-color"">News
</span><p class=""flm-time-since-update js-asset-timestamp placeholder-hide""><!-- added conditions to include pipe to cater all conditions -->
                                    
                                            
                                                    |
                                            

                                    
                                    1 day ago
                                    
                                
                            </p></div></a>, <a class=""flm-asset-link js-asset-link brand-hover-shadow-parent"" data-track-label=""headlines|11"" href=""/story/news/new-jersey/2020/04/29/nj-educational-leaders-ask-gov-murphy-keep-schools-closed-through-june/3049350001/""><div class=""flm-img-wrap""><div class=""flm-img-effects-wrap""><img class=""flm-img js-asset-image js-llbi placeholder-hide"" data-crop=""4_3"" data-src=""https://www.gannett-cdn.com/presto/2020/03/02/PNJM/4eeb2a02-7f84-41d6-ad59-c203ded5561b-AP20062710237130.jpg?crop=4424,2489,x0,y224&amp;width=192&amp;height=108&amp;fit=bounds"" data-srcset=""https://www.gannett-cdn.com/presto/2020/03/02/PNJM/4eeb2a02-7f84-41d6-ad59-c203ded5561b-AP20062710237130.jpg?crop=4424,2489,x0,y224&amp;width=192&amp;height=108&amp;fit=bounds 1x, https://www.gannett-cdn.com/presto/2020/03/02/PNJM/4eeb2a02-7f84-41d6-ad59-c203ded5561b-AP20062710237130.jpg?crop=4424,2489,x0,y224&amp;width=384&amp;height=216&amp;fit=bounds 2x"" height=""108"" width=""192""/></div></div><div class=""flm-text-wrap""><h1 class=""flm-hed placeholder-bg""><span class=""js-asset-headline js-asset-headline-short"">NJ education groups: Close schools for rest of spring</span></h1><p class=""flm-summary js-asset-description placeholder-bg"">
                                The state's leading education groups told Gov. Murphy they don't think they can fully address coronavirus safety concerns and still reopen this spring.
                            </p><span class=""js-asset-section theme-bg-ssts-label flm-ssts-label placeholder-bg news-theme-color default-theme-color"">New Jersey
</span><p class=""flm-time-since-update js-asset-timestamp placeholder-hide""><!-- added conditions to include pipe to cater all conditions -->
                                    
                                            
                                                    |
                                            

                                    
                                    1 day ago
                                    
                                
                            </p></div></a>, <a class=""flm-asset-link js-asset-link brand-hover-shadow-parent"" data-track-label=""headlines|12"" href=""/story/news/2020/04/29/nj-coronavirus-10-new-fatalities-morris-county-total-now-387/3046406001/""><div class=""flm-img-wrap""><div class=""flm-img-effects-wrap""><img class=""flm-img js-asset-image js-llbi placeholder-hide"" data-crop=""4_3"" data-src=""https://www.gannett-cdn.com/presto/2020/04/24/PMOR/882c4212-72ee-4f23-9c3c-a73a36aad4d1-IMG_4788.JPG?crop=3978,2238,x21,y0&amp;width=192&amp;height=108&amp;fit=bounds"" data-srcset=""https://www.gannett-cdn.com/presto/2020/04/24/PMOR/882c4212-72ee-4f23-9c3c-a73a36aad4d1-IMG_4788.JPG?crop=3978,2238,x21,y0&amp;width=192&amp;height=108&amp;fit=bounds 1x, https://www.gannett-cdn.com/presto/2020/04/24/PMOR/882c4212-72ee-4f23-9c3c-a73a36aad4d1-IMG_4788.JPG?crop=3978,2238,x21,y0&amp;width=384&amp;height=216&amp;fit=bounds 2x"" height=""108"" width=""192""/></div></div><div class=""flm-text-wrap""><h1 class=""flm-hed placeholder-bg""><span class=""js-asset-headline js-asset-headline-short"">10 new fatalities in Morris County, total at 387</span></h1><p class=""flm-summary js-asset-description placeholder-bg"">
                                The total number of positive COVID-19 cases in Morris County stands at 5,213 on Tuesday, with fatalities due to virus-related complications at 387.
                            </p><span class=""js-asset-section theme-bg-ssts-label flm-ssts-label placeholder-bg news-theme-color default-theme-color"">News
</span><p class=""flm-time-since-update js-asset-timestamp placeholder-hide""><!-- added conditions to include pipe to cater all conditions -->
                                    
                                            
                                                    |
                                            

                                    
                                    1 day ago
                                    
                                
                            </p></div></a>, <a class=""flm-asset-link js-asset-link brand-hover-shadow-parent"" data-track-label=""headlines|13"" href=""/story/life/2020/04/29/virtual-zoom-background-virtual-nj-museum-tours-try-spice-up-quarantine-life/3016014001/""><div class=""flm-img-wrap""><div class=""flm-img-effects-wrap""><img class=""flm-img js-asset-image js-llbi placeholder-hide"" data-crop=""4_3"" data-src=""https://www.gannett-cdn.com/presto/2020/04/28/PNJM/6d42cba4-405d-46ed-9428-539dae877cab-Great_Falls.jpg?crop=2183,1228,x0,y111&amp;width=192&amp;height=108&amp;fit=bounds"" data-srcset=""https://www.gannett-cdn.com/presto/2020/04/28/PNJM/6d42cba4-405d-46ed-9428-539dae877cab-Great_Falls.jpg?crop=2183,1228,x0,y111&amp;width=192&amp;height=108&amp;fit=bounds 1x, https://www.gannett-cdn.com/presto/2020/04/28/PNJM/6d42cba4-405d-46ed-9428-539dae877cab-Great_Falls.jpg?crop=2183,1228,x0,y111&amp;width=384&amp;height=216&amp;fit=bounds 2x"" height=""108"" width=""192""/></div></div><div class=""flm-text-wrap""><h1 class=""flm-hed placeholder-bg""><span class=""js-asset-headline js-asset-headline-short"">You can host your next Zoom call from a waterfall. Here’s how</span></h1><p class=""flm-summary js-asset-description placeholder-bg"">
                                New Jersey Division of Travel and Tourism's New Jersey in the House! digital hub brings the sights and sounds of the Garden State to your computer.
                            </p><span class=""js-asset-section theme-bg-ssts-label flm-ssts-label placeholder-bg life-theme-color default-theme-color"">Life
</span><p class=""flm-time-since-update js-asset-timestamp placeholder-hide""><!-- added conditions to include pipe to cater all conditions -->
                                    
                                            
                                                    |
                                            

                                    
                                    1 day ago
                                    
                                
                            </p></div></a>, <a class=""flm-asset-link js-asset-link brand-hover-shadow-parent"" data-track-label=""headlines|14"" href=""/story/news/2020/04/29/complaint-nj-shore-teen-drove-morris-plains-sex-girl/3047222001/""><div class=""flm-img-wrap""><div class=""flm-img-effects-wrap""><img class=""flm-img js-asset-image js-llbi placeholder-hide"" data-crop=""4_3"" data-src=""https://www.gannett-cdn.com/-mm-/752545cce9610b9c71f8b7debf0380304f7a1847/c=0-0-800-450/local/-/media/Morristown/2014/05/14/asb-6f7lpk1jdebtecxx3acoriginal.jpg?width=192&amp;height=108&amp;fit=crop"" data-srcset=""https://www.gannett-cdn.com/-mm-/752545cce9610b9c71f8b7debf0380304f7a1847/c=0-0-800-450/local/-/media/Morristown/2014/05/14/asb-6f7lpk1jdebtecxx3acoriginal.jpg?width=192&amp;height=108&amp;fit=crop 1x, https://www.gannett-cdn.com/-mm-/752545cce9610b9c71f8b7debf0380304f7a1847/c=0-0-800-450/local/-/media/Morristown/2014/05/14/asb-6f7lpk1jdebtecxx3acoriginal.jpg?width=384&amp;height=216&amp;fit=crop 2x"" height=""108"" width=""192""/></div></div><div class=""flm-text-wrap""><h1 class=""flm-hed placeholder-bg""><span class=""js-asset-headline js-asset-headline-short"">Cops: Shore teen drove to Morris Plains for sex with girl</span></h1><p class=""flm-summary js-asset-description placeholder-bg"">
                                A 19-year-old man drove from the Jersey Shore to Morris Plains to have sex with an 11-year-old girl he met on social media, police said.
                            </p><span class=""js-asset-section theme-bg-ssts-label flm-ssts-label placeholder-bg news-theme-color default-theme-color"">News
</span><p class=""flm-time-since-update js-asset-timestamp placeholder-hide""><!-- added conditions to include pipe to cater all conditions -->
                                    
                                            
                                                    |
                                            

                                    
                                    1 day ago
                                    
                                
                            </p></div></a>]"
Watch live: Gov. Murphy’s NJ coronavirus briefing,"[<a class=""flm-asset-link js-asset-link brand-hover-shadow-parent"" data-track-label=""headlines|15"" href=""/story/news/coronavirus/2020/04/29/nj-coronavirus-update-gov-murphy-watch-live/3046423001/""><div class=""flm-img-wrap""><div class=""flm-img-effects-wrap""><img class=""flm-img js-asset-image js-llbi placeholder-hide"" data-crop=""4_3"" data-src=""https://www.gannett-cdn.com/presto/2020/04/25/PNJM/142d516d-c85f-4c9a-a4de-50887afd7142-042520_Murphy_1243.JPG?crop=1199,675,x0,y61&amp;width=192&amp;height=108&amp;fit=bounds"" data-srcset=""https://www.gannett-cdn.com/presto/2020/04/25/PNJM/142d516d-c85f-4c9a-a4de-50887afd7142-042520_Murphy_1243.JPG?crop=1199,675,x0,y61&amp;width=192&amp;height=108&amp;fit=bounds 1x, https://www.gannett-cdn.com/presto/2020/04/25/PNJM/142d516d-c85f-4c9a-a4de-50887afd7142-042520_Murphy_1243.JPG?crop=1199,675,x0,y61&amp;width=384&amp;height=216&amp;fit=bounds 2x"" height=""108"" width=""192""/></div></div><div class=""flm-text-wrap""><h1 class=""flm-hed placeholder-bg""><span class=""js-asset-headline js-asset-headline-short"">Watch live: Gov. Murphy’s NJ coronavirus briefing</span></h1><p class=""flm-summary js-asset-description placeholder-bg"">
                                Gov. Phil Murphy and team will deliver an update on coronavirus in New Jersey at a 1 p.m. press conference.
                            </p><span class=""js-asset-section theme-bg-ssts-label flm-ssts-label placeholder-bg news-theme-color default-theme-color"">Coronavirus
</span><p class=""flm-time-since-update js-asset-timestamp placeholder-hide""><!-- added conditions to include pipe to cater all conditions -->
                                    
                                            
                                                    |
                                            

                                    
                                    1 day ago
                                    
                                
                            </p></div></a>, <a class=""flm-asset-link js-asset-link brand-hover-shadow-parent"" data-track-label=""headlines|16"" href=""/story/news/new-jersey/2020/04/29/dog-groomers-open-during-coronavirus-nj-pet-grooming-essential/3046591001/""><div class=""flm-img-wrap""><div class=""flm-img-effects-wrap""><img class=""flm-img js-asset-image js-llbi placeholder-hide"" data-crop=""4_3"" data-src=""https://www.gannett-cdn.com/presto/2018/11/16/PNDN/3e713734-76ba-4d09-aad7-f2b9878ffde4-NDN_1117_DOG_KENNEL_002.JPG?crop=3599,2015,x0,y0&amp;width=192&amp;height=108&amp;fit=bounds"" data-srcset=""https://www.gannett-cdn.com/presto/2018/11/16/PNDN/3e713734-76ba-4d09-aad7-f2b9878ffde4-NDN_1117_DOG_KENNEL_002.JPG?crop=3599,2015,x0,y0&amp;width=192&amp;height=108&amp;fit=bounds 1x, https://www.gannett-cdn.com/presto/2018/11/16/PNDN/3e713734-76ba-4d09-aad7-f2b9878ffde4-NDN_1117_DOG_KENNEL_002.JPG?crop=3599,2015,x0,y0&amp;width=384&amp;height=216&amp;fit=bounds 2x"" height=""108"" width=""192""/></div></div><div class=""flm-text-wrap""><h1 class=""flm-hed placeholder-bg""><span class=""js-asset-headline js-asset-headline-short"">Pet grooming services now deemed essential by Gov. Murphy</span></h1><p class=""flm-summary js-asset-description placeholder-bg"">
                                Murphy also included car dealerships and stores that sell items necessary for religious worship that follow social distancing guidelines.
                            </p><span class=""js-asset-section theme-bg-ssts-label flm-ssts-label placeholder-bg news-theme-color default-theme-color"">New Jersey
</span><p class=""flm-time-since-update js-asset-timestamp placeholder-hide""><!-- added conditions to include pipe to cater all conditions -->
                                    
                                            
                                                    |
                                            

                                    
                                    1 day ago
                                    
                                
                            </p></div></a>, <a class=""flm-asset-link js-asset-link brand-hover-shadow-parent"" data-track-label=""headlines|17"" href=""/story/news/2020/04/28/nj-coronavirus-two-nj-teens-work-stock-their-local-food-pantry/3039971001/""><div class=""flm-img-wrap""><div class=""flm-img-effects-wrap""><img class=""flm-img js-asset-image js-llbi placeholder-hide"" data-crop=""4_3"" data-src=""https://www.gannett-cdn.com/presto/2020/04/28/PMOR/559ecc1f-0edd-4c02-9300-daf914d4a89c-chathamteens2.jpeg?crop=4031,2268,x0,y0&amp;width=192&amp;height=108&amp;fit=bounds"" data-srcset=""https://www.gannett-cdn.com/presto/2020/04/28/PMOR/559ecc1f-0edd-4c02-9300-daf914d4a89c-chathamteens2.jpeg?crop=4031,2268,x0,y0&amp;width=192&amp;height=108&amp;fit=bounds 1x, https://www.gannett-cdn.com/presto/2020/04/28/PMOR/559ecc1f-0edd-4c02-9300-daf914d4a89c-chathamteens2.jpeg?crop=4031,2268,x0,y0&amp;width=384&amp;height=216&amp;fit=bounds 2x"" height=""108"" width=""192""/></div></div><div class=""flm-text-wrap""><h1 class=""flm-hed placeholder-bg""><span class=""js-asset-headline js-asset-headline-short"">Two NJ teens work to stock their local food pantry</span></h1><p class=""flm-summary js-asset-description placeholder-bg"">
                                Two high school students launch a food donation drive to help struggling families.
                            </p><span class=""js-asset-section theme-bg-ssts-label flm-ssts-label placeholder-bg news-theme-color default-theme-color"">News
</span><p class=""flm-time-since-update js-asset-timestamp placeholder-hide""><!-- added conditions to include pipe to cater all conditions -->
                                    
                                            
                                                    |
                                            

                                    
                                    2 days ago
                                    
                                
                            </p></div></a>, <a class=""flm-asset-link js-asset-link brand-hover-shadow-parent"" data-track-label=""headlines|18"" href=""/story/news/2020/04/28/mountain-lakes-boe-facing-may-7-deadline-solve-budget-gap/3031582001/""><div class=""flm-img-wrap""><div class=""flm-img-effects-wrap""><img class=""flm-img js-asset-image js-llbi placeholder-hide"" data-crop=""4_3"" data-src=""https://www.gannett-cdn.com/presto/2020/04/28/PMOR/91bda353-b2ec-4549-a4cd-37272875c109-ml_boe.jpg?crop=2004,1128,x0,y119&amp;width=192&amp;height=108&amp;fit=bounds"" data-srcset=""https://www.gannett-cdn.com/presto/2020/04/28/PMOR/91bda353-b2ec-4549-a4cd-37272875c109-ml_boe.jpg?crop=2004,1128,x0,y119&amp;width=192&amp;height=108&amp;fit=bounds 1x, https://www.gannett-cdn.com/presto/2020/04/28/PMOR/91bda353-b2ec-4549-a4cd-37272875c109-ml_boe.jpg?crop=2004,1128,x0,y119&amp;width=384&amp;height=216&amp;fit=bounds 2x"" height=""108"" width=""192""/></div></div><div class=""flm-text-wrap""><h1 class=""flm-hed placeholder-bg""><span class=""js-asset-headline js-asset-headline-short"">Mountain Lakes BOE facing May 7 deadline to solve budget gap</span></h1><p class=""flm-summary js-asset-description placeholder-bg"">
                                Members of the Board of Education agreed they needed more time to study and account for a $1.2 million budget shortfall in the 2020-21 budget.
                            </p><span class=""js-asset-section theme-bg-ssts-label flm-ssts-label placeholder-bg news-theme-color default-theme-color"">News
</span><p class=""flm-time-since-update js-asset-timestamp placeholder-hide""><!-- added conditions to include pipe to cater all conditions -->
                                    
                                            
                                                    |
                                            

                                    
                                    2 days ago
                                    
                                
                            </p></div></a>, <a class=""flm-asset-link js-asset-link brand-hover-shadow-parent"" data-track-label=""headlines|19"" href=""/story/news/2020/04/28/nj-coronavirus-22-new-fatalities-morris-county-total-rises-377/3038269001/""><div class=""flm-img-wrap""><div class=""flm-img-effects-wrap""><img class=""flm-img js-asset-image js-llbi placeholder-hide"" data-crop=""4_3"" data-src=""https://www.gannett-cdn.com/presto/2020/04/24/PMOR/079525da-c30b-48fd-936d-f2cc32f12f72-IMG_4811.JPG?crop=3978,2238,x0,y0&amp;width=192&amp;height=108&amp;fit=bounds"" data-srcset=""https://www.gannett-cdn.com/presto/2020/04/24/PMOR/079525da-c30b-48fd-936d-f2cc32f12f72-IMG_4811.JPG?crop=3978,2238,x0,y0&amp;width=192&amp;height=108&amp;fit=bounds 1x, https://www.gannett-cdn.com/presto/2020/04/24/PMOR/079525da-c30b-48fd-936d-f2cc32f12f72-IMG_4811.JPG?crop=3978,2238,x0,y0&amp;width=384&amp;height=216&amp;fit=bounds 2x"" height=""108"" width=""192""/></div></div><div class=""flm-text-wrap""><h1 class=""flm-hed placeholder-bg""><span class=""js-asset-headline js-asset-headline-short"">22 new fatalities in Morris, total at 377</span></h1><p class=""flm-summary js-asset-description placeholder-bg"">
                                The total number of positive COVID-19 cases in Morris County stands at 5,128 on Monday, with fatalities due to virus-related complications at 377.
                            </p><span class=""js-asset-section theme-bg-ssts-label flm-ssts-label placeholder-bg news-theme-color default-theme-color"">News
</span><p class=""flm-time-since-update js-asset-timestamp placeholder-hide""><!-- added conditions to include pipe to cater all conditions -->
                                    
                                            
                                                    |
                                            

                                    
                                    2 days ago
                                    
                                
                            </p></div></a>]"
See the map of coronavirus cases and deaths in NJ,"[<a class=""flm-asset-link js-asset-link brand-hover-shadow-parent"" data-track-label=""headlines|20"" href=""/story/news/coronavirus/2020/04/20/nj-coronavirus-cases-map-updated-daily/5163985002/""><div class=""flm-img-wrap""><div class=""flm-img-effects-wrap""><img class=""flm-img js-asset-image js-llbi placeholder-hide"" data-crop=""4_3"" data-src=""https://www.gannett-cdn.com/presto/2020/04/20/PNJM/717a1368-d4ec-4157-9ebc-35e604977bd7-casemap.png?crop=283,159,x121,y82&amp;width=192&amp;height=108&amp;fit=bounds"" data-srcset=""https://www.gannett-cdn.com/presto/2020/04/20/PNJM/717a1368-d4ec-4157-9ebc-35e604977bd7-casemap.png?crop=283,159,x121,y82&amp;width=192&amp;height=108&amp;fit=bounds 1x, https://www.gannett-cdn.com/presto/2020/04/20/PNJM/717a1368-d4ec-4157-9ebc-35e604977bd7-casemap.png?crop=283,159,x121,y82&amp;width=384&amp;height=216&amp;fit=bounds 2x"" height=""108"" width=""192""/></div></div><div class=""flm-text-wrap""><h1 class=""flm-hed placeholder-bg""><span class=""js-asset-headline js-asset-headline-short"">See the map of coronavirus cases and deaths in NJ</span></h1><p class=""flm-summary js-asset-description placeholder-bg"">
                                Here is a map of coronavirus cases and deaths in New Jersey, broken down by county. The map will be updated as more information becomes available.
                            </p><span class=""js-asset-section theme-bg-ssts-label flm-ssts-label placeholder-bg news-theme-color default-theme-color"">Coronavirus
</span><p class=""flm-time-since-update js-asset-timestamp placeholder-hide""><!-- added conditions to include pipe to cater all conditions -->
                                    
                                            
                                                    |
                                            

                                    
                                    2 days ago
                                    
                                
                            </p></div></a>, <a class=""flm-asset-link js-asset-link brand-hover-shadow-parent"" data-track-label=""headlines|21"" href=""/story/news/coronavirus/2020/04/28/murphy-nj-coronavirus-update-tuesday-watch-live/3038361001/""><div class=""flm-img-wrap""><div class=""flm-img-effects-wrap""><img class=""flm-img js-asset-image js-llbi placeholder-hide"" data-crop=""4_3"" data-src=""https://www.gannett-cdn.com/presto/2020/04/25/PNJM/2a86f64a-c344-4d13-8d3d-8e72c76084bb-042520_Murphy_1462.JPG?crop=1199,675,x0,y130&amp;width=192&amp;height=108&amp;fit=bounds"" data-srcset=""https://www.gannett-cdn.com/presto/2020/04/25/PNJM/2a86f64a-c344-4d13-8d3d-8e72c76084bb-042520_Murphy_1462.JPG?crop=1199,675,x0,y130&amp;width=192&amp;height=108&amp;fit=bounds 1x, https://www.gannett-cdn.com/presto/2020/04/25/PNJM/2a86f64a-c344-4d13-8d3d-8e72c76084bb-042520_Murphy_1462.JPG?crop=1199,675,x0,y130&amp;width=384&amp;height=216&amp;fit=bounds 2x"" height=""108"" width=""192""/></div></div><div class=""flm-text-wrap""><h1 class=""flm-hed placeholder-bg""><span class=""js-asset-headline js-asset-headline-short"">Watch: Live update on NJ coronavirus from Gov. Murphy</span></h1><p class=""flm-summary js-asset-description placeholder-bg"">
                                Gov. Phil Murphy and team will deliver an update on the state of coronavirus in New Jersey in a live press conference at 1 p.m.
                            </p><span class=""js-asset-section theme-bg-ssts-label flm-ssts-label placeholder-bg news-theme-color default-theme-color"">Coronavirus
</span><p class=""flm-time-since-update js-asset-timestamp placeholder-hide""><!-- added conditions to include pipe to cater all conditions -->
                                    
                                            
                                                    |
                                            

                                    
                                    2 days ago
                                    
                                
                            </p></div></a>, <a class=""flm-asset-link js-asset-link brand-hover-shadow-parent"" data-track-label=""headlines|22"" href=""/story/news/2020/04/28/assemblywoman-aura-dunn-emerges-covid-19-quarantine/3038259001/""><div class=""flm-img-wrap""><div class=""flm-img-effects-wrap""><img class=""flm-img js-asset-image js-llbi placeholder-hide"" data-crop=""4_3"" data-src=""https://www.gannett-cdn.com/presto/2019/11/22/PMOR/1b7b0767-de93-4e7f-8591-ad6b2b843a01-IMG_4010.JPG?crop=3978,2238,x0,y0&amp;width=192&amp;height=108&amp;fit=bounds"" data-srcset=""https://www.gannett-cdn.com/presto/2019/11/22/PMOR/1b7b0767-de93-4e7f-8591-ad6b2b843a01-IMG_4010.JPG?crop=3978,2238,x0,y0&amp;width=192&amp;height=108&amp;fit=bounds 1x, https://www.gannett-cdn.com/presto/2019/11/22/PMOR/1b7b0767-de93-4e7f-8591-ad6b2b843a01-IMG_4010.JPG?crop=3978,2238,x0,y0&amp;width=384&amp;height=216&amp;fit=bounds 2x"" height=""108"" width=""192""/></div></div><div class=""flm-text-wrap""><h1 class=""flm-hed placeholder-bg""><span class=""js-asset-headline js-asset-headline-short"">Assemblywoman Aura Dunn emerges from COVID-19 quarantine</span></h1><p class=""flm-summary js-asset-description placeholder-bg"">
                                Assemblywoman Aura Dunn is feeling better after weeks of isolation while she recovered from the coronavirus.
                            </p><span class=""js-asset-section theme-bg-ssts-label flm-ssts-label placeholder-bg news-theme-color default-theme-color"">News
</span><p class=""flm-time-since-update js-asset-timestamp placeholder-hide""><!-- added conditions to include pipe to cater all conditions -->
                                    
                                            
                                                    |
                                            

                                    
                                    2 days ago
                                    
                                
                            </p></div></a>, <a class=""flm-asset-link js-asset-link brand-hover-shadow-parent"" data-track-label=""headlines|23"" href=""/story/news/education/2020/04/28/coronavirus-colleges-fear-international-enrollment-plummet/3010579001/""><div class=""flm-img-wrap""><div class=""flm-img-effects-wrap""><img class=""flm-img js-asset-image js-llbi placeholder-hide"" data-crop=""4_3"" data-src=""https://www.gannett-cdn.com/presto/2018/08/14/PNJM/2303835e-62c6-47c7-ad8b-58d20f2c982b-fdu_1.jpg?crop=587,338,x0,y234&amp;width=192&amp;height=108&amp;fit=bounds"" data-srcset=""https://www.gannett-cdn.com/presto/2018/08/14/PNJM/2303835e-62c6-47c7-ad8b-58d20f2c982b-fdu_1.jpg?crop=587,338,x0,y234&amp;width=192&amp;height=108&amp;fit=bounds 1x, https://www.gannett-cdn.com/presto/2018/08/14/PNJM/2303835e-62c6-47c7-ad8b-58d20f2c982b-fdu_1.jpg?crop=587,338,x0,y234&amp;width=384&amp;height=216&amp;fit=bounds 2x"" height=""108"" width=""192""/></div></div><div class=""flm-item-premium"">FOR SUBSCRIBERS</div><div class=""flm-text-wrap""><h1 class=""flm-hed placeholder-bg""><span class=""js-asset-headline js-asset-headline-short"">Will international students be able to attend college in the fall?</span></h1><p class=""flm-summary js-asset-description placeholder-bg"">
                                New Jersey colleges get a financial and cultural boost by enrolling students from around the world. But the coronavirus could keep many students away.
                            </p><span class=""js-asset-section theme-bg-ssts-label flm-ssts-label placeholder-bg news-theme-color default-theme-color"">Education
</span><p class=""flm-time-since-update js-asset-timestamp placeholder-hide""><!-- added conditions to include pipe to cater all conditions -->
                                    
                                            
                                                    |
                                            

                                    
                                    1 day ago
                                    
                                
                            </p></div></a>, <a class=""flm-asset-link js-asset-link brand-hover-shadow-parent"" data-track-label=""headlines|24"" href=""/story/news/education/2020/04/28/dogs-help-nj-students-handle-stress-online-learning/3023344001/""><div class=""flm-img-wrap""><div class=""flm-img-effects-wrap""><img class=""flm-img js-asset-image js-llbi placeholder-hide"" data-crop=""4_3"" data-src=""https://www.gannett-cdn.com/presto/2020/04/27/PMOR/6fe339c9-d392-4c7b-86df-b1b686f7a0f6-20200213_085324.jpg?crop=3762,2116,x73,y9&amp;width=192&amp;height=108&amp;fit=bounds"" data-srcset=""https://www.gannett-cdn.com/presto/2020/04/27/PMOR/6fe339c9-d392-4c7b-86df-b1b686f7a0f6-20200213_085324.jpg?crop=3762,2116,x73,y9&amp;width=192&amp;height=108&amp;fit=bounds 1x, https://www.gannett-cdn.com/presto/2020/04/27/PMOR/6fe339c9-d392-4c7b-86df-b1b686f7a0f6-20200213_085324.jpg?crop=3762,2116,x73,y9&amp;width=384&amp;height=216&amp;fit=bounds 2x"" height=""108"" width=""192""/></div></div><div class=""flm-text-wrap""><h1 class=""flm-hed placeholder-bg""><span class=""js-asset-headline js-asset-headline-short"">Dogs help NJ students handle stress of online learning</span></h1><p class=""flm-summary js-asset-description placeholder-bg"">
                                Dogs are a key part of the school day at the Calais School in Whippany, so educators tried to make them part of the online learning experience.
                            </p><span class=""js-asset-section theme-bg-ssts-label flm-ssts-label placeholder-bg news-theme-color default-theme-color"">Education
</span><p class=""flm-time-since-update js-asset-timestamp placeholder-hide""><!-- added conditions to include pipe to cater all conditions -->
                                    
                                            
                                                    |
                                            

                                    
                                    3 days ago
                                    
                                
                            </p></div></a>, <a class=""ol-see-more-link"" data-track-label=""seemoreobituariesclicked"" href=""https://www.legacy.com/obituaries/dailyrecord/""><span>See more obituaries</span></a>]"
Stop & Shop joins grocers calling for first-responder status for workers,"[<a class=""flm-asset-link js-asset-link brand-hover-shadow-parent"" data-track-label=""headlines|25"" href=""/story/news/new-jersey/2020/04/28/stop-shop-joins-grocers-calling-first-responder-status-workers/3032555001/""><div class=""flm-img-wrap""><div class=""flm-img-effects-wrap""><img class=""flm-img js-asset-image js-llbi placeholder-hide"" data-crop=""4_3"" data-src=""https://www.gannett-cdn.com/presto/2020/03/18/PWES/2c9eda3d-d430-48fd-a551-d2d59c4f1a69-mv031820shoppers05.JPG?crop=5814,3271,x0,y0&amp;width=192&amp;height=108&amp;fit=bounds"" data-srcset=""https://www.gannett-cdn.com/presto/2020/03/18/PWES/2c9eda3d-d430-48fd-a551-d2d59c4f1a69-mv031820shoppers05.JPG?crop=5814,3271,x0,y0&amp;width=192&amp;height=108&amp;fit=bounds 1x, https://www.gannett-cdn.com/presto/2020/03/18/PWES/2c9eda3d-d430-48fd-a551-d2d59c4f1a69-mv031820shoppers05.JPG?crop=5814,3271,x0,y0&amp;width=384&amp;height=216&amp;fit=bounds 2x"" height=""108"" width=""192""/></div></div><div class=""flm-text-wrap""><h1 class=""flm-hed placeholder-bg""><span class=""js-asset-headline js-asset-headline-short"">Stop &amp; Shop joins grocers calling for first-responder status for workers</span></h1><p class=""flm-summary js-asset-description placeholder-bg"">
                                Stop &amp; Shop and a union representing 70,000 of its workers want to classify supermarket employees as emergency personnel amid the coronavirus pandemic.
                            </p><span class=""js-asset-section theme-bg-ssts-label flm-ssts-label placeholder-bg news-theme-color default-theme-color"">New Jersey
</span><p class=""flm-time-since-update js-asset-timestamp placeholder-hide""><!-- added conditions to include pipe to cater all conditions -->
                                    
                                            
                                                    |
                                            

                                    
                                    2 days ago
                                    
                                
                            </p></div></a>, <a class=""flm-asset-link js-asset-link brand-hover-shadow-parent"" data-track-label=""headlines|26"" href=""/story/news/new-jersey/2020/04/27/nj-priest-dies-who-among-first-clerics-defrocked-sex-abuse/3035476001/""><div class=""flm-img-wrap""><div class=""flm-img-effects-wrap""><img class=""flm-img js-asset-image js-llbi placeholder-hide"" data-crop=""4_3"" data-src=""https://www.gannett-cdn.com/presto/2019/02/13/PNJM/5a8333de-bae9-4a9b-a790-2e9325792b69-James_Hanley.jpg?crop=1601,901,x0,y875&amp;width=192&amp;height=108&amp;fit=bounds"" data-srcset=""https://www.gannett-cdn.com/presto/2019/02/13/PNJM/5a8333de-bae9-4a9b-a790-2e9325792b69-James_Hanley.jpg?crop=1601,901,x0,y875&amp;width=192&amp;height=108&amp;fit=bounds 1x, https://www.gannett-cdn.com/presto/2019/02/13/PNJM/5a8333de-bae9-4a9b-a790-2e9325792b69-James_Hanley.jpg?crop=1601,901,x0,y875&amp;width=384&amp;height=216&amp;fit=bounds 2x"" height=""108"" width=""192""/></div></div><div class=""flm-item-premium"">FOR SUBSCRIBERS</div><div class=""flm-text-wrap""><h1 class=""flm-hed placeholder-bg""><span class=""js-asset-headline js-asset-headline-short"">Notorious New Jersey priest and sex abuser dies</span></h1><p class=""flm-summary js-asset-description placeholder-bg"">
                                James Hanley admitted to sexually abusing at least a dozen children at three North Jersey churches and was among the first priests to be defrocked in the aftermath of the 2002 scandal.
                            </p><span class=""js-asset-section theme-bg-ssts-label flm-ssts-label placeholder-bg news-theme-color default-theme-color"">New Jersey
</span><p class=""flm-time-since-update js-asset-timestamp placeholder-hide""><!-- added conditions to include pipe to cater all conditions -->
                                    
                                            
                                                    |
                                            

                                    
                                    2 days ago
                                    
                                
                            </p></div></a>, <a class=""flm-asset-link js-asset-link brand-hover-shadow-parent"" data-track-label=""headlines|27"" href=""/story/news/coronavirus/2020/04/27/nj-coronavirus-update-watch-live-monday-briefing-gov-phil-murphy/3031845001/""><div class=""flm-img-wrap""><div class=""flm-img-effects-wrap""><img class=""flm-img js-asset-image js-llbi placeholder-hide"" data-crop=""4_3"" data-src=""https://www.gannett-cdn.com/presto/2020/04/25/PNJM/3ca1450f-86bf-4259-ba57-a83ea737809b-042520_Murphy_0805.JPG?crop=1199,675,x0,y102&amp;width=192&amp;height=108&amp;fit=bounds"" data-srcset=""https://www.gannett-cdn.com/presto/2020/04/25/PNJM/3ca1450f-86bf-4259-ba57-a83ea737809b-042520_Murphy_0805.JPG?crop=1199,675,x0,y102&amp;width=192&amp;height=108&amp;fit=bounds 1x, https://www.gannett-cdn.com/presto/2020/04/25/PNJM/3ca1450f-86bf-4259-ba57-a83ea737809b-042520_Murphy_0805.JPG?crop=1199,675,x0,y102&amp;width=384&amp;height=216&amp;fit=bounds 2x"" height=""108"" width=""192""/></div></div><div class=""flm-text-wrap""><h1 class=""flm-hed placeholder-bg""><span class=""js-asset-headline js-asset-headline-short"">Watch live: NJ coronavirus update</span></h1><p class=""flm-summary js-asset-description placeholder-bg"">
                                Gov. Phil Murphy and team will deliver an update on the state of coronavirus in New Jersey at a noon press conference.
                            </p><span class=""js-asset-section theme-bg-ssts-label flm-ssts-label placeholder-bg news-theme-color default-theme-color"">Coronavirus
</span><p class=""flm-time-since-update js-asset-timestamp placeholder-hide""><!-- added conditions to include pipe to cater all conditions -->
                                    
                                            
                                                    |
                                            

                                    
                                    3 days ago
                                    
                                
                            </p></div></a>, <a class=""flm-asset-link js-asset-link brand-hover-shadow-parent"" data-track-label=""headlines|28"" href=""/story/news/2020/04/27/chevy-nova-crash-jefferson-nj-leaves-one-dead/3031577001/""><div class=""flm-img-wrap""><div class=""flm-img-effects-wrap""><img class=""flm-img js-asset-image js-llbi placeholder-hide"" data-crop=""4_3"" data-src=""https://www.gannett-cdn.com/-mm-/ff08101970c9b392424972bf0f5861a9adca4d8f/c=0-110-2122-1304/local/-/media/2016/09/20/Morristown/B9323900321Z.1_20160920101941_000_GUA9P432K.14-0.jpg?width=192&amp;height=108&amp;fit=crop"" data-srcset=""https://www.gannett-cdn.com/-mm-/ff08101970c9b392424972bf0f5861a9adca4d8f/c=0-110-2122-1304/local/-/media/2016/09/20/Morristown/B9323900321Z.1_20160920101941_000_GUA9P432K.14-0.jpg?width=192&amp;height=108&amp;fit=crop 1x, https://www.gannett-cdn.com/-mm-/ff08101970c9b392424972bf0f5861a9adca4d8f/c=0-110-2122-1304/local/-/media/2016/09/20/Morristown/B9323900321Z.1_20160920101941_000_GUA9P432K.14-0.jpg?width=384&amp;height=216&amp;fit=crop 2x"" height=""108"" width=""192""/></div></div><div class=""flm-text-wrap""><h1 class=""flm-hed placeholder-bg""><span class=""js-asset-headline js-asset-headline-short"">Passenger dies in ‘73 Chevy Nova crash in Jefferson</span></h1><p class=""flm-summary js-asset-description placeholder-bg"">
                                A male passenger was pronounced dead at the scene in Jefferson. The male driver was taken to Morristown Medical Center for treatment.
                            </p><span class=""js-asset-section theme-bg-ssts-label flm-ssts-label placeholder-bg news-theme-color default-theme-color"">News
</span><p class=""flm-time-since-update js-asset-timestamp placeholder-hide""><!-- added conditions to include pipe to cater all conditions -->
                                    
                                            
                                                    |
                                            

                                    
                                    3 days ago
                                    
                                
                            </p></div></a>, <a class=""flm-asset-link js-asset-link brand-hover-shadow-parent"" data-track-label=""headlines|29"" href=""/story/news/coronavirus/2020/04/27/nj-coronavirus-where-do-patients-go-when-discharged-hospital/3006712001/""><div class=""flm-img-wrap""><div class=""flm-img-effects-wrap""><img class=""flm-img js-asset-image js-llbi placeholder-hide"" data-crop=""4_3"" data-src=""https://www.gannett-cdn.com/presto/2020/03/27/PNJM/92ca0eff-70bf-437e-a5bb-aaba55d30a57-20200317_COVID-19_Photos_23.jpg?crop=1999,1125,x0,y101&amp;width=192&amp;height=108&amp;fit=bounds"" data-srcset=""https://www.gannett-cdn.com/presto/2020/03/27/PNJM/92ca0eff-70bf-437e-a5bb-aaba55d30a57-20200317_COVID-19_Photos_23.jpg?crop=1999,1125,x0,y101&amp;width=192&amp;height=108&amp;fit=bounds 1x, https://www.gannett-cdn.com/presto/2020/03/27/PNJM/92ca0eff-70bf-437e-a5bb-aaba55d30a57-20200317_COVID-19_Photos_23.jpg?crop=1999,1125,x0,y101&amp;width=384&amp;height=216&amp;fit=bounds 2x"" height=""108"" width=""192""/></div></div><div class=""flm-text-wrap""><h1 class=""flm-hed placeholder-bg""><span class=""js-asset-headline js-asset-headline-short"">Being discharged doesn’t mean you’re ‘cured’ of coronavirus</span></h1><p class=""flm-summary js-asset-description placeholder-bg"">
                                Patients may be sent for hospice care or to step-down centers, and the public doesn't have a sense of what percentage of them go where.
                            </p><span class=""js-asset-section theme-bg-ssts-label flm-ssts-label placeholder-bg news-theme-color default-theme-color"">Coronavirus
</span><p class=""flm-time-since-update js-asset-timestamp placeholder-hide""><!-- added conditions to include pipe to cater all conditions -->
                                    
                                            
                                                    |
                                            

                                    
                                    4 days ago
                                    
                                
                            </p></div></a>]"
"Amid promising signs, NJ reopening could take weeks, maybe months. Here’s why","[<a class=""flm-asset-link js-asset-link brand-hover-shadow-parent"" data-track-label=""headlines|30"" href=""/story/news/columnists/charles-stile/2020/04/27/nj-coronavirus-heres-why-reopening-after-lockdown-could-take-months/3020446001/""><div class=""flm-img-wrap""><div class=""flm-img-effects-wrap""><img class=""flm-img js-asset-image js-llbi placeholder-hide"" data-crop=""4_3"" data-src=""https://www.gannett-cdn.com/presto/2020/03/19/PNJM/376cedc7-11ca-4746-a979-9d8fd399a4ea-031920_Murphy_0104.JPG?crop=1199,675,x0,y0&amp;width=192&amp;height=108&amp;fit=bounds"" data-srcset=""https://www.gannett-cdn.com/presto/2020/03/19/PNJM/376cedc7-11ca-4746-a979-9d8fd399a4ea-031920_Murphy_0104.JPG?crop=1199,675,x0,y0&amp;width=192&amp;height=108&amp;fit=bounds 1x, https://www.gannett-cdn.com/presto/2020/03/19/PNJM/376cedc7-11ca-4746-a979-9d8fd399a4ea-031920_Murphy_0104.JPG?crop=1199,675,x0,y0&amp;width=384&amp;height=216&amp;fit=bounds 2x"" height=""108"" width=""192""/></div></div><div class=""flm-item-premium"">FOR SUBSCRIBERS</div><div class=""flm-text-wrap""><h1 class=""flm-hed placeholder-bg""><span class=""js-asset-headline js-asset-headline-short"">Amid promising signs, NJ reopening could take weeks, maybe months. Here’s why</span></h1><p class=""flm-summary js-asset-description placeholder-bg"">
                                Wider testing and ""contact tracing"" corps are critical, but plans are still being developed. And Governor Phil Murphy has a mandate to be cautious.
                            </p><span class=""js-asset-section theme-bg-ssts-label flm-ssts-label placeholder-bg news-theme-color default-theme-color"">Charles Stile
</span><p class=""flm-time-since-update js-asset-timestamp placeholder-hide""><!-- added conditions to include pipe to cater all conditions -->
                                    
                                            
                                                    |
                                            

                                    
                                    3 days ago
                                    
                                
                            </p></div></a>, <a class=""flm-asset-link js-asset-link brand-hover-shadow-parent"" data-track-label=""headlines|31"" href=""/story/news/coronavirus/2020/04/24/nj-coronavirus-bills-covid-19-testing-starting-mount/3003246001/""><div class=""flm-img-wrap""><div class=""flm-img-effects-wrap""><img class=""flm-img js-asset-image js-llbi placeholder-hide"" data-crop=""4_3"" data-src=""https://www.gannett-cdn.com/presto/2020/03/02/PNJM/4eeb2a02-7f84-41d6-ad59-c203ded5561b-AP20062710237130.jpg?crop=4424,2489,x0,y224&amp;width=192&amp;height=108&amp;fit=bounds"" data-srcset=""https://www.gannett-cdn.com/presto/2020/03/02/PNJM/4eeb2a02-7f84-41d6-ad59-c203ded5561b-AP20062710237130.jpg?crop=4424,2489,x0,y224&amp;width=192&amp;height=108&amp;fit=bounds 1x, https://www.gannett-cdn.com/presto/2020/03/02/PNJM/4eeb2a02-7f84-41d6-ad59-c203ded5561b-AP20062710237130.jpg?crop=4424,2489,x0,y224&amp;width=384&amp;height=216&amp;fit=bounds 2x"" height=""108"" width=""192""/></div></div><div class=""flm-item-premium"">FOR SUBSCRIBERS</div><div class=""flm-text-wrap""><h1 class=""flm-hed placeholder-bg""><span class=""js-asset-headline js-asset-headline-short"">For NJ counties, the bills for COVID-19 testing are starting to mount</span></h1><p class=""flm-summary js-asset-description placeholder-bg"">
                                The cost is certain to go higher, with Gov. Phil Murphy saying a dramatic increase in testing will be needed to restart the economy.
                            </p><span class=""js-asset-section theme-bg-ssts-label flm-ssts-label placeholder-bg news-theme-color default-theme-color"">Coronavirus
</span><p class=""flm-time-since-update js-asset-timestamp placeholder-hide""><!-- added conditions to include pipe to cater all conditions -->
                                    
                                            
                                                    |
                                            

                                    
                                    4 days ago
                                    
                                
                            </p></div></a>, <a class=""flm-asset-link js-asset-link brand-hover-shadow-parent"" data-track-label=""headlines|32"" href=""/story/news/local/2020/04/24/montville-doctor-talks-covid-19-its-effect-his-business/3013554001/""><div class=""flm-img-wrap""><div class=""flm-img-effects-wrap""><img class=""flm-img js-asset-image js-llbi placeholder-hide"" data-crop=""4_3"" data-src=""https://www.gannett-cdn.com/presto/2020/04/23/PMOR/9a2c0a0b-047e-495f-b136-5d92c434f4f9-20200422_160819.jpg?crop=1898,1068,x29,y461&amp;width=192&amp;height=108&amp;fit=bounds"" data-srcset=""https://www.gannett-cdn.com/presto/2020/04/23/PMOR/9a2c0a0b-047e-495f-b136-5d92c434f4f9-20200422_160819.jpg?crop=1898,1068,x29,y461&amp;width=192&amp;height=108&amp;fit=bounds 1x, https://www.gannett-cdn.com/presto/2020/04/23/PMOR/9a2c0a0b-047e-495f-b136-5d92c434f4f9-20200422_160819.jpg?crop=1898,1068,x29,y461&amp;width=384&amp;height=216&amp;fit=bounds 2x"" height=""108"" width=""192""/></div></div><div class=""flm-text-wrap""><h1 class=""flm-hed placeholder-bg""><span class=""js-asset-headline js-asset-headline-short"">Open for business: Doctor’s practice goes virtual</span></h1><p class=""flm-summary js-asset-description placeholder-bg"">
                                Montville doctor talks about the reality of COVID-19 and the effect it could have on society.
                            </p><span class=""js-asset-section theme-bg-ssts-label flm-ssts-label placeholder-bg news-theme-color default-theme-color"">Local
</span><p class=""flm-time-since-update js-asset-timestamp placeholder-hide""><!-- added conditions to include pipe to cater all conditions -->
                                    
                                            
                                                    |
                                            

                                    
                                    4 days ago
                                    
                                
                            </p></div></a>, <a class=""flm-asset-link js-asset-link brand-hover-shadow-parent"" data-track-label=""headlines|33"" href=""/story/news/transportation/2020/04/25/nj-transit-bus-union-sets-up-coronavirus-site-members/3020407001/""><div class=""flm-img-wrap""><div class=""flm-img-effects-wrap""><img class=""flm-img js-asset-image js-llbi placeholder-hide"" data-crop=""4_3"" data-src=""https://www.gannett-cdn.com/presto/2020/04/25/PNJM/f676075f-9afc-4d99-89eb-66ede028f718-042520_i_test_001.JPG?crop=5567,3132,x0,y283&amp;width=192&amp;height=108&amp;fit=bounds"" data-srcset=""https://www.gannett-cdn.com/presto/2020/04/25/PNJM/f676075f-9afc-4d99-89eb-66ede028f718-042520_i_test_001.JPG?crop=5567,3132,x0,y283&amp;width=192&amp;height=108&amp;fit=bounds 1x, https://www.gannett-cdn.com/presto/2020/04/25/PNJM/f676075f-9afc-4d99-89eb-66ede028f718-042520_i_test_001.JPG?crop=5567,3132,x0,y283&amp;width=384&amp;height=216&amp;fit=bounds 2x"" height=""108"" width=""192""/></div></div><div class=""flm-text-wrap""><h1 class=""flm-hed placeholder-bg""><span class=""js-asset-headline js-asset-headline-short"">NJ Transit union sets up COVID-19 test site for members</span></h1><p class=""flm-summary js-asset-description placeholder-bg"">
                                There has been a push to secure testing for vulnerable populations, but there has been no public discussion about testing transit workers.
                            </p><span class=""js-asset-section theme-bg-ssts-label flm-ssts-label placeholder-bg news-theme-color default-theme-color"">Transportation
</span><p class=""flm-time-since-update js-asset-timestamp placeholder-hide""><!-- added conditions to include pipe to cater all conditions -->
                                    
                                            
                                                    |
                                            

                                    
                                    4 days ago
                                    
                                
                            </p></div></a>, <a class=""flm-asset-link js-asset-link brand-hover-shadow-parent"" data-track-label=""headlines|34"" href=""/story/news/coronavirus/2020/04/22/coronavirus-nj-portraits-family-friends-taken-virus/2947156001/""><div class=""flm-img-wrap""><div class=""flm-img-effects-wrap""><img class=""flm-img js-asset-image js-llbi placeholder-hide"" data-crop=""4_3"" data-src=""https://www.gannett-cdn.com/presto/2020/03/31/PNJM/b7d42701-3b9d-40ac-827f-bdf86435fc86-GettyImages-157637737.jpg?crop=2332,1312,x0,y118&amp;width=192&amp;height=108&amp;fit=bounds"" data-srcset=""https://www.gannett-cdn.com/presto/2020/03/31/PNJM/b7d42701-3b9d-40ac-827f-bdf86435fc86-GettyImages-157637737.jpg?crop=2332,1312,x0,y118&amp;width=192&amp;height=108&amp;fit=bounds 1x, https://www.gannett-cdn.com/presto/2020/03/31/PNJM/b7d42701-3b9d-40ac-827f-bdf86435fc86-GettyImages-157637737.jpg?crop=2332,1312,x0,y118&amp;width=384&amp;height=216&amp;fit=bounds 2x"" height=""108"" width=""192""/></div></div><div class=""flm-text-wrap""><h1 class=""flm-hed placeholder-bg""><span class=""js-asset-headline js-asset-headline-short"">Loved and Lost: Portraits of those taken by the virus</span></h1><p class=""flm-summary js-asset-description placeholder-bg"">
                                A continuing series of profiles on our family, friends and neighbors taken from us by the coronavirus pandemic
                            </p><span class=""js-asset-section theme-bg-ssts-label flm-ssts-label placeholder-bg news-theme-color default-theme-color"">Coronavirus
</span><p class=""flm-time-since-update js-asset-timestamp placeholder-hide""><!-- added conditions to include pipe to cater all conditions -->
                                    
                                            
                                                    |
                                            

                                    
                                    5 days ago
                                    
                                
                            </p></div></a>]"
"Rutgers announces tuition freeze, pay cuts among cost-cutting measures","[<a class=""flm-asset-link js-asset-link brand-hover-shadow-parent"" data-track-label=""headlines|35"" href=""/story/news/education/college/rutgers/2020/04/24/rutgers-announces-tuition-freeze-pay-cuts-among-cost-cutting-measures/3019065001/""><div class=""flm-img-wrap""><div class=""flm-img-effects-wrap""><img class=""flm-img js-asset-image js-llbi placeholder-hide"" data-crop=""4_3"" data-src=""https://www.gannett-cdn.com/presto/2020/04/06/PAPP/a25e7f08-1d40-4bca-8886-1cfb259525d0-COLLEGEAVENUE0406B.jpg?crop=2389,1344,x0,y0&amp;width=192&amp;height=108&amp;fit=bounds"" data-srcset=""https://www.gannett-cdn.com/presto/2020/04/06/PAPP/a25e7f08-1d40-4bca-8886-1cfb259525d0-COLLEGEAVENUE0406B.jpg?crop=2389,1344,x0,y0&amp;width=192&amp;height=108&amp;fit=bounds 1x, https://www.gannett-cdn.com/presto/2020/04/06/PAPP/a25e7f08-1d40-4bca-8886-1cfb259525d0-COLLEGEAVENUE0406B.jpg?crop=2389,1344,x0,y0&amp;width=384&amp;height=216&amp;fit=bounds 2x"" height=""108"" width=""192""/></div></div><div class=""flm-text-wrap""><h1 class=""flm-hed placeholder-bg""><span class=""js-asset-headline js-asset-headline-short"">Rutgers announces tuition freeze, pay cuts among cost-cutting measures</span></h1><p class=""flm-summary js-asset-description placeholder-bg"">
                                Rutgers President Robert Barchi announced the measures in a letter to the members of the university’s governing boards, faculty and administration.
                            </p><span class=""js-asset-section theme-bg-ssts-label flm-ssts-label placeholder-bg news-theme-color default-theme-color"">Rutgers
</span><p class=""flm-time-since-update js-asset-timestamp placeholder-hide""><!-- added conditions to include pipe to cater all conditions -->
                                    
                                            
                                                    |
                                            

                                    
                                    6 days ago
                                    
                                
                            </p></div></a>, <a class=""flm-asset-link js-asset-link brand-hover-shadow-parent"" data-track-label=""headlines|36"" href=""/story/news/local/people/2020/04/24/deborah-kean-wife-former-nj-gov-thomas-kean-dies/3022597001/""><div class=""flm-img-wrap""><div class=""flm-img-effects-wrap""><img class=""flm-img js-asset-image js-llbi placeholder-hide"" data-crop=""4_3"" data-src=""https://www.gannett-cdn.com/presto/2020/04/24/PCNJ/70577780-d82a-4795-b277-0c45db98e420-deborah-bye-kean.jpg?crop=479,270,x0,y184&amp;width=192&amp;height=108&amp;fit=bounds"" data-srcset=""https://www.gannett-cdn.com/presto/2020/04/24/PCNJ/70577780-d82a-4795-b277-0c45db98e420-deborah-bye-kean.jpg?crop=479,270,x0,y184&amp;width=192&amp;height=108&amp;fit=bounds 1x, https://www.gannett-cdn.com/presto/2020/04/24/PCNJ/70577780-d82a-4795-b277-0c45db98e420-deborah-bye-kean.jpg?crop=479,270,x0,y184&amp;width=384&amp;height=216&amp;fit=bounds 2x"" height=""108"" width=""192""/></div></div><div class=""flm-text-wrap""><h1 class=""flm-hed placeholder-bg""><span class=""js-asset-headline js-asset-headline-short"">Deborah Kean, wife of former Gov. Thomas Kean, dies</span></h1><p class=""flm-summary js-asset-description placeholder-bg"">
                                Mrs. Kean died just weeks short of her 77th birthday.
                            </p><span class=""js-asset-section theme-bg-ssts-label flm-ssts-label placeholder-bg news-theme-color default-theme-color"">People
</span><p class=""flm-time-since-update js-asset-timestamp placeholder-hide""><!-- added conditions to include pipe to cater all conditions -->
                                    
                                            
                                                    |
                                            

                                    
                                    6 days ago
                                    
                                
                            </p></div></a>, <a class=""flm-asset-link js-asset-link brand-hover-shadow-parent"" data-track-label=""headlines|37"" href=""/story/news/crime/morris-county/2020/04/24/parsippany-nj-karate-instructor-gets-probation-sexual-contact-child/3021338001/""><div class=""flm-img-wrap""><div class=""flm-img-effects-wrap""><img class=""flm-img js-asset-image js-llbi placeholder-hide"" data-crop=""4_3"" data-src=""https://www.gannett-cdn.com/presto/2020/04/24/PMOR/a82e53e2-88cd-4c6b-a1cb-90f49bd90ca8-sp.PNG?crop=261,147,x7,y0&amp;width=192&amp;height=108&amp;fit=bounds"" data-srcset=""https://www.gannett-cdn.com/presto/2020/04/24/PMOR/a82e53e2-88cd-4c6b-a1cb-90f49bd90ca8-sp.PNG?crop=261,147,x7,y0&amp;width=192&amp;height=108&amp;fit=bounds 1x, https://www.gannett-cdn.com/presto/2020/04/24/PMOR/a82e53e2-88cd-4c6b-a1cb-90f49bd90ca8-sp.PNG?crop=261,147,x7,y0&amp;width=384&amp;height=216&amp;fit=bounds 2x"" height=""108"" width=""192""/></div></div><div class=""flm-text-wrap""><h1 class=""flm-hed placeholder-bg""><span class=""js-asset-headline js-asset-headline-short"">Parsippany karate instructor gets probation for sexual contact with child</span></h1><p class=""flm-summary js-asset-description placeholder-bg"">
                                Srinivasa Koppisetti pleaded guilty to criminal sexual contact for touching a girl at his family’s Universal Martial Arts and Yoga Academy in 2018.
                            </p><span class=""js-asset-section theme-bg-ssts-label flm-ssts-label placeholder-bg news-theme-color default-theme-color"">MORRIS COUNTY
</span><p class=""flm-time-since-update js-asset-timestamp placeholder-hide""><!-- added conditions to include pipe to cater all conditions -->
                                    
                                            
                                                    |
                                            

                                    
                                    5 days ago
                                    
                                
                            </p></div></a>, <a class=""flm-asset-link js-asset-link brand-hover-shadow-parent"" data-track-label=""headlines|38"" href=""/story/news/2020/04/24/nj-coronavirus-keeps-impacting-economy-food-distribution-lines-grow/3004660001/""><div class=""flm-img-wrap""><div class=""flm-img-effects-wrap""><img class=""flm-img js-asset-image js-llbi placeholder-hide"" data-crop=""4_3"" data-src=""https://www.gannett-cdn.com/presto/2020/04/24/PMOR/079525da-c30b-48fd-936d-f2cc32f12f72-IMG_4811.JPG?crop=3978,2238,x0,y0&amp;width=192&amp;height=108&amp;fit=bounds"" data-srcset=""https://www.gannett-cdn.com/presto/2020/04/24/PMOR/079525da-c30b-48fd-936d-f2cc32f12f72-IMG_4811.JPG?crop=3978,2238,x0,y0&amp;width=192&amp;height=108&amp;fit=bounds 1x, https://www.gannett-cdn.com/presto/2020/04/24/PMOR/079525da-c30b-48fd-936d-f2cc32f12f72-IMG_4811.JPG?crop=3978,2238,x0,y0&amp;width=384&amp;height=216&amp;fit=bounds 2x"" height=""108"" width=""192""/></div></div><div class=""flm-text-wrap""><h1 class=""flm-hed placeholder-bg""><span class=""js-asset-headline js-asset-headline-short"">Food distribution lines grow in New Jersey as COVID-19 impacts economy</span></h1><p class=""flm-summary js-asset-description placeholder-bg"">
                                Ted Thomas of Teaneck and others waited at the Liquid Church in Parsippany for bags of groceries as part of a growing food-distribution program.
                            </p><span class=""js-asset-section theme-bg-ssts-label flm-ssts-label placeholder-bg news-theme-color default-theme-color"">News
</span><p class=""flm-time-since-update js-asset-timestamp placeholder-hide""><!-- added conditions to include pipe to cater all conditions -->
                                    
                                            
                                                    |
                                            

                                    
                                    6 days ago
                                    
                                
                            </p></div></a>, <a class=""flm-asset-link js-asset-link brand-hover-shadow-parent"" data-track-label=""headlines|39"" href=""/story/news/coronavirus/2020/04/24/nj-coronavirus-update-gov-phil-murphy-watch-live/3018568001/""><div class=""flm-img-wrap""><div class=""flm-img-effects-wrap""><img class=""flm-img js-asset-image js-llbi placeholder-hide"" data-crop=""4_3"" data-src=""https://www.gannett-cdn.com/presto/2020/03/19/PNJM/376cedc7-11ca-4746-a979-9d8fd399a4ea-031920_Murphy_0104.JPG?crop=1199,675,x0,y0&amp;width=192&amp;height=108&amp;fit=bounds"" data-srcset=""https://www.gannett-cdn.com/presto/2020/03/19/PNJM/376cedc7-11ca-4746-a979-9d8fd399a4ea-031920_Murphy_0104.JPG?crop=1199,675,x0,y0&amp;width=192&amp;height=108&amp;fit=bounds 1x, https://www.gannett-cdn.com/presto/2020/03/19/PNJM/376cedc7-11ca-4746-a979-9d8fd399a4ea-031920_Murphy_0104.JPG?crop=1199,675,x0,y0&amp;width=384&amp;height=216&amp;fit=bounds 2x"" height=""108"" width=""192""/></div></div><div class=""flm-text-wrap""><h1 class=""flm-hed placeholder-bg""><span class=""js-asset-headline js-asset-headline-short"">Watch live: Gov. Murphy’s coronavirus update</span></h1><p class=""flm-summary js-asset-description placeholder-bg"">
                                Gov. Phil Murphy will host a live update of the state of coronavirus in New Jersey in a live press conference at 3 p.m.
                            </p><span class=""js-asset-section theme-bg-ssts-label flm-ssts-label placeholder-bg news-theme-color default-theme-color"">Coronavirus
</span><p class=""flm-time-since-update js-asset-timestamp placeholder-hide""><!-- added conditions to include pipe to cater all conditions -->
                                    
                                            
                                                    |
                                            

                                    
                                    6 days ago
                                    
                                
                            </p></div></a>]"
Ex-Parsippany teacher gets probation for bathroom recordings,"[<a class=""flm-asset-link js-asset-link brand-hover-shadow-parent"" data-track-label=""headlines|40"" href=""/story/news/crime/morris-county/2020/04/24/former-parsippany-nj-teacher-gets-probation-bathroom-recordings/3019039001/""><div class=""flm-img-wrap""><div class=""flm-img-effects-wrap""><img class=""flm-img js-asset-image js-llbi placeholder-hide"" data-crop=""4_3"" data-src=""https://www.gannett-cdn.com/presto/2020/04/24/PMOR/8eb89dd4-d287-4025-98e8-57414e6b7f00-esnes.PNG?crop=378,213,x21,y0&amp;width=192&amp;height=108&amp;fit=bounds"" data-srcset=""https://www.gannett-cdn.com/presto/2020/04/24/PMOR/8eb89dd4-d287-4025-98e8-57414e6b7f00-esnes.PNG?crop=378,213,x21,y0&amp;width=192&amp;height=108&amp;fit=bounds 1x, https://www.gannett-cdn.com/presto/2020/04/24/PMOR/8eb89dd4-d287-4025-98e8-57414e6b7f00-esnes.PNG?crop=378,213,x21,y0&amp;width=384&amp;height=216&amp;fit=bounds 2x"" height=""108"" width=""192""/></div></div><div class=""flm-text-wrap""><h1 class=""flm-hed placeholder-bg""><span class=""js-asset-headline js-asset-headline-short"">Ex-Parsippany teacher gets probation for bathroom recordings</span></h1><p class=""flm-summary js-asset-description placeholder-bg"">
                                Christopher Esnes admitted to recording 12 adults for nearly six months in 2016 and 2017 as they used a bathroom at Littleton Elementary School.
                            </p><span class=""js-asset-section theme-bg-ssts-label flm-ssts-label placeholder-bg news-theme-color default-theme-color"">MORRIS COUNTY
</span><p class=""flm-time-since-update js-asset-timestamp placeholder-hide""><!-- added conditions to include pipe to cater all conditions -->
                                    
                                            
                                                    |
                                            

                                    
                                    6 days ago
                                    
                                
                            </p></div></a>, <a class=""flm-asset-link js-asset-link brand-hover-shadow-parent"" data-track-label=""headlines|41"" href=""/picture-gallery/news/2020/04/24/food-distributed-help-those-need-parsippany/3019735001/""><div class=""flm-gallery-wrap flm-gallery-grid-3""><div class=""flm-img-overlay-wrap clearfix""><span class=""flm-img-overlay-icon flm-img-overlay-icon-gallery""></span><span class=""flm-img-overlay-text""><span class=""flm-img-overlay-text-action"">View All Photos</span></span></div><img class=""flm-gallery-grid-img flm-gallery-grid-img-1 js-llbi"" data-src=""https://www.gannett-cdn.com/presto/2020/04/24/PMOR/20f90976-0190-4696-8cc6-6321a29c3b83-IMG_4797.JPG?crop=2989,2242,x505,y0&amp;width=266&amp;height=200&amp;fit=bounds"" data-srcset=""https://www.gannett-cdn.com/presto/2020/04/24/PMOR/20f90976-0190-4696-8cc6-6321a29c3b83-IMG_4797.JPG?crop=2989,2242,x505,y0&amp;width=266&amp;height=200&amp;fit=bounds 1x, https://www.gannett-cdn.com/presto/2020/04/24/PMOR/20f90976-0190-4696-8cc6-6321a29c3b83-IMG_4797.JPG?crop=2989,2242,x505,y0&amp;width=532&amp;height=400&amp;fit=bounds 2x"" height=""200"" width=""266""/><img class=""flm-gallery-grid-img flm-gallery-grid-img-2 js-llbi"" data-src=""https://www.gannett-cdn.com/presto/2020/04/24/PMOR/c32dbb99-604c-45fd-a65f-f4178fdedf7a-IMG_4781.JPG?crop=2989,2242,x200,y0&amp;width=130&amp;height=98&amp;fit=bounds"" data-srcset=""https://www.gannett-cdn.com/presto/2020/04/24/PMOR/c32dbb99-604c-45fd-a65f-f4178fdedf7a-IMG_4781.JPG?crop=2989,2242,x200,y0&amp;width=130&amp;height=98&amp;fit=bounds 1x, https://www.gannett-cdn.com/presto/2020/04/24/PMOR/c32dbb99-604c-45fd-a65f-f4178fdedf7a-IMG_4781.JPG?crop=2989,2242,x200,y0&amp;width=260&amp;height=196&amp;fit=bounds 2x"" height=""98"" width=""130""/><img class=""flm-gallery-grid-img flm-gallery-grid-img-3 js-llbi"" data-src=""https://www.gannett-cdn.com/presto/2020/04/24/PMOR/b4ac0380-7d6a-47a4-bb6d-7ef53e6b2696-IMG_4801.JPG?crop=2989,2242,x400,y0&amp;width=130&amp;height=98&amp;fit=bounds"" data-srcset=""https://www.gannett-cdn.com/presto/2020/04/24/PMOR/b4ac0380-7d6a-47a4-bb6d-7ef53e6b2696-IMG_4801.JPG?crop=2989,2242,x400,y0&amp;width=130&amp;height=98&amp;fit=bounds 1x, https://www.gannett-cdn.com/presto/2020/04/24/PMOR/b4ac0380-7d6a-47a4-bb6d-7ef53e6b2696-IMG_4801.JPG?crop=2989,2242,x400,y0&amp;width=260&amp;height=196&amp;fit=bounds 2x"" height=""98"" width=""130""/></div><div class=""flm-text-wrap""><h1 class=""flm-hed placeholder-bg""><span class=""js-asset-headline js-asset-headline-short"">Food distributed to help those in need in Parsippany</span><span class=""flm-gallery-icon js-asset-disposable placeholder-hide""></span></h1><p class=""flm-time-since-update js-asset-timestamp placeholder-hide""><!-- added conditions to include pipe to cater all conditions -->
                                    
                                            

                                    
                                    6 days ago
                                    
                                
                            </p></div></a>, <a class=""flm-asset-link js-asset-link brand-hover-shadow-parent"" data-track-label=""headlines|42"" href=""/story/news/coronavirus/2020/04/24/nj-coronavirus-recovering-substance-abuse-amid-virus-outbreak/2998309001/""><div class=""flm-img-wrap""><div class=""flm-img-effects-wrap""><img class=""flm-img js-asset-image js-llbi placeholder-hide"" data-crop=""4_3"" data-src=""https://www.gannett-cdn.com/-mm-/6db5ef04e97a32e12596a206aeecc344ae429a8b/c=0-319-684-705/local/-/media/2016/12/06/Bergen/NorthJersey/636166361080884854-AX223-2D06-9.JPG?width=192&amp;height=108&amp;fit=crop"" data-srcset=""https://www.gannett-cdn.com/-mm-/6db5ef04e97a32e12596a206aeecc344ae429a8b/c=0-319-684-705/local/-/media/2016/12/06/Bergen/NorthJersey/636166361080884854-AX223-2D06-9.JPG?width=192&amp;height=108&amp;fit=crop 1x, https://www.gannett-cdn.com/-mm-/6db5ef04e97a32e12596a206aeecc344ae429a8b/c=0-319-684-705/local/-/media/2016/12/06/Bergen/NorthJersey/636166361080884854-AX223-2D06-9.JPG?width=384&amp;height=216&amp;fit=crop 2x"" height=""108"" width=""192""/></div></div><div class=""flm-text-wrap""><h1 class=""flm-hed placeholder-bg""><span class=""js-asset-headline js-asset-headline-short"">Recovering from substance abuse during COVID-19</span></h1><p class=""flm-summary js-asset-description placeholder-bg"">
                                The number of calls to state addiction hotlines -- along with numbers of suspected fatal overdoses -- has increased during the COVID-19 outbreak.
                            </p><span class=""js-asset-section theme-bg-ssts-label flm-ssts-label placeholder-bg news-theme-color default-theme-color"">Coronavirus
</span><p class=""flm-time-since-update js-asset-timestamp placeholder-hide""><!-- added conditions to include pipe to cater all conditions -->
                                    
                                            
                                                    |
                                            

                                    
                                    5 days ago
                                    
                                
                            </p></div></a>, <a class=""flm-asset-link js-asset-link brand-hover-shadow-parent"" data-track-label=""headlines|43"" href=""/story/news/columnists/mike-kelly/2020/04/24/how-coronavirus-forcing-people-stop-shaking-hands/3002702001/""><div class=""flm-img-wrap""><div class=""flm-img-effects-wrap""><img class=""flm-img js-asset-image js-llbi placeholder-hide"" data-crop=""4_3"" data-src=""https://www.gannett-cdn.com/presto/2019/06/18/PNJM/24799172-e8ba-4b2e-a098-0d2245e9019f-2401779f_00006.JPG?crop=2099,1184,x0,y0&amp;width=192&amp;height=108&amp;fit=bounds"" data-srcset=""https://www.gannett-cdn.com/presto/2019/06/18/PNJM/24799172-e8ba-4b2e-a098-0d2245e9019f-2401779f_00006.JPG?crop=2099,1184,x0,y0&amp;width=192&amp;height=108&amp;fit=bounds 1x, https://www.gannett-cdn.com/presto/2019/06/18/PNJM/24799172-e8ba-4b2e-a098-0d2245e9019f-2401779f_00006.JPG?crop=2099,1184,x0,y0&amp;width=384&amp;height=216&amp;fit=bounds 2x"" height=""108"" width=""192""/></div></div><div class=""flm-item-premium"">FOR SUBSCRIBERS</div><div class=""flm-text-wrap""><h1 class=""flm-hed placeholder-bg""><span class=""js-asset-headline js-asset-headline-short"">Kelly: Will the coronavirus bring an end to handshakes?</span></h1><p class=""flm-summary js-asset-description placeholder-bg"">
                                Before the virus entered our world, remember how we greeted each other?
We probably shook hands. Not anymore.
                            </p><span class=""js-asset-section theme-bg-ssts-label flm-ssts-label placeholder-bg news-theme-color default-theme-color"">Mike Kelly
</span><p class=""flm-time-since-update js-asset-timestamp placeholder-hide""><!-- added conditions to include pipe to cater all conditions -->
                                    
                                            
                                                    |
                                            

                                    
                                    6 days ago
                                    
                                
                            </p></div></a>, <a class=""flm-asset-link js-asset-link brand-hover-shadow-parent"" data-track-label=""headlines|44"" href=""/story/news/crime/morris-county/2020/04/23/bail-set-700-000-virginia-vertetis-heads-new-murder-trial/3011879001/""><div class=""flm-img-wrap""><div class=""flm-img-effects-wrap""><img class=""flm-img js-asset-image js-llbi placeholder-hide"" data-crop=""4_3"" data-src=""https://www.gannett-cdn.com/presto/2020/04/23/PNJM/89a3e965-9135-4249-b456-08d87fdc6827-vert.PNG?crop=377,212,x8,y1&amp;width=192&amp;height=108&amp;fit=bounds"" data-srcset=""https://www.gannett-cdn.com/presto/2020/04/23/PNJM/89a3e965-9135-4249-b456-08d87fdc6827-vert.PNG?crop=377,212,x8,y1&amp;width=192&amp;height=108&amp;fit=bounds 1x, https://www.gannett-cdn.com/presto/2020/04/23/PNJM/89a3e965-9135-4249-b456-08d87fdc6827-vert.PNG?crop=377,212,x8,y1&amp;width=384&amp;height=216&amp;fit=bounds 2x"" height=""108"" width=""192""/></div></div><div class=""flm-text-wrap""><h1 class=""flm-hed placeholder-bg""><span class=""js-asset-headline js-asset-headline-short"">Bail set at $700K as Morris woman heads for new murder trial</span></h1><p class=""flm-summary js-asset-description placeholder-bg"">
                                Former elementary school teacher Virginia Vertetis was found guilty of killing her boyfriend in 2017,  but a state appeals court ordered a new trial.
                            </p><span class=""js-asset-section theme-bg-ssts-label flm-ssts-label placeholder-bg news-theme-color default-theme-color"">MORRIS COUNTY
</span><p class=""flm-time-since-update js-asset-timestamp placeholder-hide""><!-- added conditions to include pipe to cater all conditions -->
                                    
                                            
                                                    |
                                            

                                    
                                    6 days ago
                                    
                                
                            </p></div></a>]"
